Page,Word,Count
fixtures,link,27
fixtures,external,26
fixtures,on,25
fixtures,cookies,22
fixtures,view,21
fixtures,quick,20
fixtures,of,18
fixtures,the,18
fixtures,00,17
fixtures,league,16
fixtures,pl,16
fixtures,your,16
fixtures,2024,15
fixtures,to,15
fixtures,17,14
fixtures,premier,13
fixtures,by,13
fixtures,website,13
fixtures,fixtures,11
fixtures,all,10
results,link,27
results,external,26
results,on,23
results,pl,16
results,of,15
results,cookies,15
results,league,14
results,by,14
results,to,12
results,premier,11
results,the,11
results,your,11
results,official,10
results,united,9
results,filter,9
results,all,9
results,season,8
results,fixtures,8
results,stats,7
results,more,7
tables,2024,355
tables,0,277
tables,april,198
tables,2,181
tables,1,152
tables,saturday,150
tables,3,130
tables,page,124
tables,w,118
tables,l,112
tables,4,99
tables,may,87
tables,club,78
tables,friday,76
tables,team,74
tables,visit,72
tables,compare,72
tables,against,72
tables,another,72
tables,monday,69
transfers,transfer,156
transfers,released,88
transfers,in,83
transfers,out,83
transfers,loan,42
transfers,link,27
transfers,external,26
transfers,of,25
transfers,on,25
transfers,club,24
transfers,player,23
transfers,united,22
transfers,type,20
transfers,pl,16
transfers,cookies,15
transfers,more,14
transfers,chelsea,13
transfers,city,13
transfers,the,11
transfers,to,10
stats,link,27
stats,external,26
stats,on,23
stats,3,17
stats,stadium,17
stats,pl,16
stats,2,16
stats,of,15
stats,cookies,15
stats,stats,14
stats,the,14
stats,10,14
stats,city,13
stats,man,13
stats,to,12
stats,8,11
stats,premier,10
stats,league,10
stats,official,10
stats,villa,9
news,link,27
news,external,26
news,on,24
news,the,23
news,league,19
news,premier,18
news,of,18
news,pl,16
news,cookies,15
news,to,13
news,and,13
news,news,11
news,for,10
news,fpl,10
news,official,10
news,season,9
news,fantasy,9
news,a,9
news,by,9
news,more,8
video,video,101
video,the,49
video,on,45
video,of,42
video,01,41
video,more,31
video,premier,29
video,league,29
video,s,29
video,videos,27
video,link,27
video,to,26
video,external,26
video,watch,24
video,in,24
video,fpl,20
video,best,20
video,pl,19
video,and,18
video,24,18
tickets,tickets,67
tickets,for,65
tickets,club,59
tickets,to,57
tickets,more,47
tickets,the,42
tickets,information,41
tickets,on,33
tickets,league,30
tickets,are,30
tickets,premier,29
tickets,link,27
tickets,external,26
tickets,and,25
tickets,members,25
tickets,website,25
tickets,membership,23
tickets,of,22
tickets,below,22
tickets,matches,22
clubs,stadium,58
clubs,link,27
clubs,external,26
clubs,on,23
clubs,park,23
clubs,city,19
clubs,the,19
clubs,of,17
clubs,road,17
clubs,pl,16
clubs,cookies,15
clubs,united,14
clubs,official,10
clubs,to,9
clubs,premier,9
clubs,league,9
clubs,community,9
clubs,manchester,8
clubs,s,8
clubs,by,8
players,link,27
players,external,26
players,on,23
players,pl,16
players,of,15
players,cookies,15
players,the,12
players,united,10
players,by,10
players,official,10
players,premier,9
players,league,9
players,to,9
players,players,8
players,stats,8
players,your,8
players,more,7
players,fpl,7
players,player,7
players,x,7
awards?at=1&aw=-1&se=578,the,72
awards?at=1&aw=-1&se=578,of,66
awards?at=1&aw=-1&se=578,month,47
awards?at=1&aw=-1&se=578,view,37
awards?at=1&aw=-1&se=578,profile,37
awards?at=1&aw=-1&se=578,link,27
awards?at=1&aw=-1&se=578,on,26
awards?at=1&aw=-1&se=578,external,26
awards?at=1&aw=-1&se=578,manager,22
awards?at=1&aw=-1&se=578,save,19
awards?at=1&aw=-1&se=578,player,18
awards?at=1&aw=-1&se=578,2024,18
awards?at=1&aw=-1&se=578,goal,16
awards?at=1&aw=-1&se=578,pl,16
awards?at=1&aw=-1&se=578,to,15
awards?at=1&aw=-1&se=578,2023,15
awards?at=1&aw=-1&se=578,cookies,15
awards?at=1&aw=-1&se=578,awards,14
awards?at=1&aw=-1&se=578,season,14
awards?at=1&aw=-1&se=578,versus,14
